{"cameraMode":{"drawMode":0,"name":"Shaded","section":"Shading Mode"},"sceneLighting":true,"audioPlay":false,"sceneViewState":{"m_AlwaysRefresh":false,"showFog":true,"showSkybox":true,"showFlares":true,"showImageEffects":true,"showParticleSystems":true,"showVisualEffectGraphs":true,"m_FxEnabled":true},"in2DMode":false,"pivot":{"x":0.12576204538345338,"y":-1.0201704502105713,"z":1.1341241598129273},"rotation":{"x":0.34959667921066286,"y":-0.028101487085223199,"z":0.010502392426133156,"w":0.936417818069458},"size":0.8396899104118347,"orthographic":false}