{"cameraMode":{"drawMode":0,"name":"Shaded","section":"Shading Mode"},"sceneLighting":true,"audioPlay":false,"sceneViewState":{"m_AlwaysRefresh":false,"showFog":true,"showSkybox":true,"showFlares":true,"showImageEffects":true,"showParticleSystems":true,"showVisualEffectGraphs":true,"m_FxEnabled":true},"in2DMode":false,"pivot":{"x":-0.4696807861328125,"y":-1.6888129711151124,"z":7.839502811431885},"rotation":{"x":0.09600374847650528,"y":-0.056708063930273059,"z":0.005497434642165899,"w":0.9937528967857361},"size":4.453444480895996,"orthographic":false}