{"cameraMode":{"drawMode":0,"name":"Shaded","section":"Shading Mode"},"sceneLighting":true,"audioPlay":false,"sceneViewState":{"m_AlwaysRefresh":false,"showFog":true,"showSkybox":true,"showFlares":true,"showImageEffects":true,"showParticleSystems":true,"showVisualEffectGraphs":true,"m_FxEnabled":true},"in2DMode":false,"pivot":{"x":0.025819286704063417,"y":-0.5328990817070007,"z":0.5076956748962402},"rotation":{"x":0.1495048552751541,"y":-0.2876587510108948,"z":0.04545297846198082,"w":0.944931149482727},"size":0.7415645122528076,"orthographic":true}