{"cameraMode":{"drawMode":0,"name":"Shaded","section":"Shading Mode"},"sceneLighting":true,"audioPlay":false,"sceneViewState":{"m_AlwaysRefresh":false,"showFog":true,"showSkybox":true,"showFlares":true,"showImageEffects":true,"showParticleSystems":true,"showVisualEffectGraphs":true,"m_FxEnabled":true},"in2DMode":false,"pivot":{"x":0.025819286704063417,"y":-0.5328990817070007,"z":0.5076956748962402},"rotation":{"x":-0.2840339243412018,"y":-0.012941552326083184,"z":0.003879728028550744,"w":-0.9588135480880737},"size":0.6923199892044067,"orthographic":true}