{"cameraMode":{"drawMode":0,"name":"Shaded","section":"Shading Mode"},"sceneLighting":true,"audioPlay":false,"sceneViewState":{"m_AlwaysRefresh":false,"showFog":true,"showSkybox":true,"showFlares":true,"showImageEffects":true,"showParticleSystems":true,"showVisualEffectGraphs":true,"m_FxEnabled":true},"in2DMode":false,"pivot":{"x":0.47368496656417849,"y":-0.22301903367042542,"z":-1.280958890914917},"rotation":{"x":-0.11804226040840149,"y":0.31503477692604067,"z":-0.03952483832836151,"w":-0.9408759474754334},"size":0.399996817111969,"orthographic":false}