{"cameraMode":{"drawMode":0,"name":"Shaded","section":"Shading Mode"},"sceneLighting":true,"audioPlay":false,"sceneViewState":{"m_AlwaysRefresh":false,"showFog":true,"showSkybox":true,"showFlares":true,"showImageEffects":true,"showParticleSystems":true,"showVisualEffectGraphs":true,"m_FxEnabled":true},"in2DMode":false,"pivot":{"x":0.10943275690078736,"y":-1.2777743339538575,"z":0.7480948567390442},"rotation":{"x":0.4547320604324341,"y":-0.06402631849050522,"z":0.03279741108417511,"w":0.8877176642417908},"size":0.8866865634918213,"orthographic":true}