{"cameraMode":{"drawMode":0,"name":"Shaded","section":"Shading Mode"},"sceneLighting":true,"audioPlay":false,"sceneViewState":{"m_AlwaysRefresh":false,"showFog":true,"showSkybox":true,"showFlares":true,"showImageEffects":true,"showParticleSystems":true,"showVisualEffectGraphs":true,"m_FxEnabled":true},"in2DMode":false,"pivot":{"x":-1.0381205081939698,"y":-0.5857316255569458,"z":-0.2792492210865021},"rotation":{"x":-0.19080305099487306,"y":-0.019144447520375253,"z":0.0037640929222106935,"w":-0.981530487537384},"size":1.2857915163040162,"orthographic":true}