{"cameraMode":{"drawMode":0,"name":"Shaded","section":"Shading Mode"},"sceneLighting":true,"audioPlay":false,"sceneViewState":{"m_AlwaysRefresh":false,"showFog":true,"showSkybox":true,"showFlares":true,"showImageEffects":true,"showParticleSystems":true,"showVisualEffectGraphs":true,"m_FxEnabled":true},"in2DMode":false,"pivot":{"x":0.025819286704063417,"y":-0.5328990817070007,"z":0.5076956748962402},"rotation":{"x":-0.30822011828422549,"y":-0.16026777029037476,"z":0.052716489881277087,"w":-0.9363307952880859},"size":0.3650614321231842,"orthographic":true}